index,Name,open,high,low,close,volume
390198,MSFT,27.35,27.71,27.31,27.55,33318306
390199,MSFT,27.65,27.92,27.5,27.86,32247549
390200,MSFT,27.88,28,27.75,27.88,35990829
390201,MSFT,27.93,28.11,27.88,28.03,41715530
390202,MSFT,27.92,28.06,27.87,28.04,32663174
390203,MSFT,28.04,28.16,27.875,28.01,49650538
390204,MSFT,27.8801,28.09,27.8,28.045,38804616
390205,MSFT,28.13,28.2,27.83,27.87,44109412
390206,MSFT,27.74,27.74,27.23,27.49,49078338
390207,MSFT,27.68,27.76,27.48,27.76,31425726
390208,MSFT,27.97,28.05,27.37,27.37,48011248
390209,MSFT,27.38,27.6,27.34,27.37,49917353
390210,MSFT,27.42,28,27.33,27.81,36390889
390211,MSFT,27.88,27.97,27.74,27.8,35836861
390212,MSFT,27.72,27.98,27.52,27.95,34849287
390213,MSFT,27.85,28.15,27.7,28.15,38163549
390214,MSFT,28.29,28.54,28.16,28.35,41431097
390215,MSFT,28.21,28.23,27.78,28.09,51448452
390216,MSFT,28.11,28.28,28.005,28.14,29196691
390217,MSFT,28.25,28.33,27.96,28,37667133
390218,MSFT,27.94,27.97,27.67,27.87,36627200
390219,MSFT,27.84,27.95,27.64,27.91,39252591
390220,MSFT,27.87,28.02,27.75,27.915,29093296
390221,MSFT,28,28.16,27.93,28.135,55910657
390222,MSFT,28.03,28.16,27.98,28.035,92709815
390223,MSFT,27.88,28.28,27.81,28.1,44825522
390224,MSFT,28.12,28.22,28.03,28.18,51901568
390225,MSFT,28.34,28.49,28.18,28.315,35447348
390226,MSFT,28.11,28.36,28.05,28.11,34233061
390227,MSFT,28.19,28.3379,28.1,28.25,28689434
390228,MSFT,28.3,28.35,27.96,28.16,44153931
390229,MSFT,28.24,28.34,28.11,28.155,27822154
390230,MSFT,28.14,28.445,28.08,28.37,36046203
390231,MSFT,28.32,28.66,28.26,28.605,55453713
390232,MSFT,28.64,28.66,28.36,28.61,29199115
390233,MSFT,28.59,28.85,28.52,28.8,28455715
390234,MSFT,28.75,28.95,28.54,28.56,35062269
390235,MSFT,28.39,28.61,28.27,28.595,45262208
390236,MSFT,28.22,28.78,28.11,28.7,50927261
390237,MSFT,28.73,28.73,28.47,28.59,34759424
390238,MSFT,28.73,29.815,28.68,29.61,77733607
390239,MSFT,29.57,30.32,29.52,30.28,71024236
390240,MSFT,29.1,29.2,28.73,28.935,130903838
390241,MSFT,28.85,29.02,28.66,28.79,62882640
390242,MSFT,28.65,28.98,28.51,28.69,56332862
390243,MSFT,28.9,29.14,28.695,28.97,52795256
390244,MSFT,28.85,29.04,28.6,28.825,52840621
390245,MSFT,28.95,28.98,28.5,28.79,56772087
390246,MSFT,29.62,30.24,29.61,29.765,99790116
390247,MSFT,30.3,31.18,30.27,30.83,137901279
390248,MSFT,30.7,30.9,30.38,30.6,59027213
390249,MSFT,30.62,31.92,30.6,31.76,90897055
390250,MSFT,31.71,32.84,31.54,31.94,110685794
390251,MSFT,31.9,31.98,31.45,31.79,47799284
390252,MSFT,31.8,32.68,31.77,32.61,59116288
390253,MSFT,32.56,33.11,32.28,33.1,75116271
390254,MSFT,32.93,33.08,32.6,32.72,54328805
390255,MSFT,32.63,33.17,32.39,33.16,46055944
390256,MSFT,33.23,33.52,33.08,33.49,46784484
390257,MSFT,33.42,33.91,33.25,33.75,40978078
390258,MSFT,33.65,33.79,33.24,33.31,42916453
390259,MSFT,33.0667,33.24,32.65,32.99,51643216
390260,MSFT,32.85,33,32.59,32.66,46399199
390261,MSFT,32.67,32.72,32.32,32.69,36394841
390262,MSFT,32.61,33.07,32.55,33.03,36027027
390263,MSFT,32.8601,33.53,32.8,33.53,56867771
390264,MSFT,33.45,33.9,33.43,33.845,46303779
390265,MSFT,33.64,34.15,33.55,34.08,59381496
390266,MSFT,34.1301,34.87,34.1,34.87,60666467
390267,MSFT,34.73,35.095,34.68,35.08,54020102
390268,MSFT,35.1,35.2725,34.72,34.85,48693429
390269,MSFT,34.79,34.84,34.36,34.61,66043135
390270,MSFT,34.23,34.55,33.9,34.15,51102326
390271,MSFT,33.92,34.28,33.9,34.269,33174304
390272,MSFT,34.42,35.18,34.41,35.02,48211220
390273,MSFT,34.74,35.02,34.57,34.88,38411673
390274,MSFT,34.85,35.25,34.813,35.03,51130805
390275,MSFT,34.82,35.28,34.79,34.9,56162496
390276,MSFT,34.92,35.63,34.83,35.59,51249396
390277,MSFT,35.62,35.74,34.771,34.99,65529399
390278,MSFT,34.6,34.89,34.43,34.78,46023857
390279,MSFT,34.84,35.11,34.49,34.96,37617747
390280,MSFT,35.25,35.78,35.06,35.67,40757245
390281,MSFT,35.51,35.65,35.14,35.47,35991809
390282,MSFT,35.05,35.18,34.68,34.84,39435445
390283,MSFT,35.14,35.27,34.85,35,37371982
390284,MSFT,34.99,35.02,34.59,34.715,45635878
390285,MSFT,34.55,34.6901,34.25,34.4,53191609
390286,MSFT,34.69,35.16,34.63,35,49670032
390287,MSFT,34.97,35.17,34.895,34.98,28614869
390288,MSFT,34.96,35.09,34.59,34.59,30816008
390289,MSFT,34.26,34.33,33.37,33.49,54493643
390290,MSFT,33.66,33.73,33.05,33.265,85337340
390291,MSFT,32.94,34.2,32.57,33.715,56108988
390292,MSFT,34.08,34.38,33.46,33.67,44051085
390293,MSFT,34.12,34.48,33.8875,34.35,48665592
390294,MSFT,34.52,34.78,34.5,34.62,28993042
390295,MSFT,34.38,34.79,34.34,34.545,65545445
390296,MSFT,34.75,34.99,34.33,34.36,31054868
390297,MSFT,34.41,34.4389,33.63,33.94,37629522
390298,MSFT,33.66,34.37,33.6,34.01,15994380
390299,MSFT,34.09,34.24,33.581,34.21,26085831
390300,MSFT,34.35,34.59,33.98,34.325,32396842
390301,MSFT,34.58,34.6,34.14,34.35,25318501
390302,MSFT,34.34,34.81,34.32,34.7,29863085
390303,MSFT,35,35.77,34.9,35.685,53618047
390304,MSFT,35.58,35.73,35.28,35.67,35501154
390305,MSFT,35.66,36.22,35.58,36.17,34142125
390306,MSFT,36.01,36.4299,35.96,36.27,36378481
390307,MSFT,36.34,36.39,35.49,35.74,37281516
390308,MSFT,35.72,35.89,35.22,35.44,49118611
390309,MSFT,32.4,32.67,31.02,31.4,248354245
390310,MSFT,31.7,32.01,31.6,32.01,79024753
390311,MSFT,31.91,32.04,31.71,31.82,65810331
390312,MSFT,32.035,32.19,31.89,31.96,52802180
390313,MSFT,31.62,31.65,31.25,31.39,63212927
390314,MSFT,31.26,31.62,31.205,31.62,38633539
390315,MSFT,31.47,31.6,31.4,31.54,28873969
390316,MSFT,31.78,32.12,31.55,31.85,45799476
390317,MSFT,31.97,32.05,31.71,31.84,43898435
390318,MSFT,32.06,32.09,31.6,31.67,42552467
390319,MSFT,31.69,31.9,31.565,31.89,29121484
390320,MSFT,31.9,32,31.64,31.7,30984542
390321,MSFT,31.55,31.67,31.38,31.58,36331541
390322,MSFT,31.54,32.1,31.25,32.063,38060978
390323,MSFT,32.24,33.07,32.05,32.89,59035735
390324,MSFT,32.77,32.9,32.47,32.7,26801087
390325,MSFT,32.46,32.97,32.46,32.87,25494043
390326,MSFT,32.51,32.55,32.21,32.23,39464299
390327,MSFT,32.14,33.36,31.7,32.35,48520460
390328,MSFT,32,32.18,30.84,31.79,33337991
390329,MSFT,31.79,31.99,31.66,31.8,32864665
390330,MSFT,31.76,31.97,31.38,31.393,27902716
390331,MSFT,31.44,31.9,31.37,31.62,22979513
390332,MSFT,31.61,32.01,31.54,31.61,37398935
390333,MSFT,32.185,32.49,32.1,32.39,31123321
390334,MSFT,35.17,35.2,34,34.75,225442537
390335,MSFT,34.4,34.67,34.03,34.15,72553311
390336,MSFT,33.515,34.1,33.15,33.26,58519145
390337,MSFT,33.39,33.6,33,33.02,44258420
390338,MSFT,32.93,33.6,32.8,33.55,45271567
390339,MSFT,33.37,33.48,33.09,33.4,42774005
390340,MSFT,31.75,32.07,31.29,31.88,154489546
390341,MSFT,31.39,31.47,31.11,31.195,142273577
390342,MSFT,31.1,31.44,30.95,31.235,71623991
390343,MSFT,31.31,31.39,31.13,31.152,75436430
390344,MSFT,31.2208,31.79,31.2,31.655,49610584
390345,MSFT,31.9,32.4,31.79,32.39,56881864
390346,MSFT,32.57,32.93,32.53,32.74,39069730
390347,MSFT,32.72,32.78,32.59,32.69,32861951
390348,MSFT,32.77,33.07,32.505,33.03,40899039
390349,MSFT,33.38,33.5,32.73,32.801,55010116
390350,MSFT,33.42,33.47,32.9,32.93,84683924
390351,MSFT,32.99,33.4,32.83,33.32,64100189
390352,MSFT,33.48,33.68,33.32,33.64,42015792
390353,MSFT,33.41,33.48,32.685,32.791,102862119
390354,MSFT,32.5401,32.969,32.5,32.74,39826261
390355,MSFT,32.87,32.87,32.15,32.455,40245140
390356,MSFT,32.49,32.8,32.4,32.505,28830930
390357,MSFT,32.64,33,32.59,32.77,28483079
390358,MSFT,32.88,33.75,32.87,33.27,55330514
390359,MSFT,33,33.31,32.7,33.28,39838108
390360,MSFT,33.35,33.61,33.3,33.58,36691926
390361,MSFT,33.36,34.03,33.29,33.92,46931866
390362,MSFT,33.88,34,33.42,33.86,38704461
390363,MSFT,33.69,33.99,33.62,33.88,32988495
390364,MSFT,33.6,33.71,33.2,33.3,35067124
390365,MSFT,33.31,33.33,32.8,33.01,41095160
390366,MSFT,33.07,33.3499,32.96,33.07,35843167
390367,MSFT,33.31,33.89,33.26,33.76,42875141
390368,MSFT,33.68,34.14,33.68,34.13,30033336
390369,MSFT,33.9,34.5,33.78,34.45,27757870
390370,MSFT,34.67,34.99,34.47,34.49,47107657
390371,MSFT,34.6,34.895,34.56,34.64,35111593
390372,MSFT,34.45,34.99,34.37,34.92,31359198
390373,MSFT,34.82,34.99,34.33,34.96,41811699
390374,MSFT,34.98,35.2,34.91,34.99,27436505
390375,MSFT,35.02,35.1,34.52,34.58,40438546
390376,MSFT,34.35,34.49,33.674,33.76,58600499
390377,MSFT,33.82,34.1,33.57,33.72,53209728
390378,MSFT,35.88,36.29,35.47,35.73,113493954
390379,MSFT,35.61,35.73,35.27,35.57,38383594
390380,MSFT,35.6301,35.72,35.26,35.52,31702613
390381,MSFT,35.53,35.79,35.43,35.54,37002061
390382,MSFT,35.66,35.69,35.34,35.405,41689563
390383,MSFT,35.67,35.69,35.39,35.525,40271887
390384,MSFT,35.59,35.98,35.55,35.94,28061873
390385,MSFT,35.7899,36.71,35.77,36.64,51681868
390386,MSFT,37.24,38.22,37.06,38.18,88948830
390387,MSFT,37.96,38.01,37.43,37.5,60445258
390388,MSFT,37.67,37.78,37.34,37.78,36743157
390389,MSFT,37.69,37.775,37.355,37.59,26872537
390390,MSFT,37.38,37.595,37.2,37.36,31651589
390391,MSFT,36.98,38.16,36.9,38.155,44957611
390392,MSFT,37.87,38.13,37.72,38.021,46186577
390393,MSFT,37.95,38.02,37.72,37.841,50602034
390394,MSFT,37.35,37.58,37.07,37.2,53277485
390395,MSFT,36.85,37.23,36.67,36.74,44274987
390396,MSFT,36.87,37.41,36.86,37.08,32231827
390397,MSFT,37.27,37.53,37.26,37.4,23064699
390398,MSFT,37.525,37.68,37.33,37.57,27981996
390399,MSFT,37.93,37.95,37.57,37.64,30648148
390400,MSFT,37.57,37.65,37.35,37.35,34468069
390401,MSFT,37.57,37.76,37.49,37.6,26002050
390402,MSFT,37.82,38.29,37.82,38.13,22090428
390403,MSFT,38.09,38.78,38.06,38.45,42950373
390404,MSFT,38.14,38.49,38.08,38.31,52109760
390405,MSFT,38.21,38.98,38.12,38.94,51983578
390406,MSFT,38.85,38.875,37.18,38,116313834
390407,MSFT,38.42,38.55,37.99,38.36,36457292
390408,MSFT,38.56,38.87,38.37,38.705,30286015
390409,MSFT,38.61,38.9,38.02,38.11,37828593
390410,MSFT,38.06,38.3,37.39,37.61,39853379
390411,MSFT,37.64,37.64,37.18,37.22,36012761
390412,MSFT,37.42,37.45,36.62,36.69,40074360
390413,MSFT,36.73,37,36.54,36.885,31734515
390414,MSFT,36.94,37.11,36.3344,36.52,45687679
390415,MSFT,36.3601,36.6,35.53,36.58,63192067
390416,MSFT,36.51,36.55,36.08,36.25,34157264
390417,MSFT,36.2,36.93,36.185,36.8,62650324
390418,MSFT,36.81,36.89,36.55,36.62,25128740
390419,MSFT,36.72,37.17,36.64,37.08,14242997
390420,MSFT,37.2,37.49,37.17,37.44,17614984
390421,MSFT,37.58,37.62,37.17,37.29,14563533
390422,MSFT,37.22,37.38,36.9006,37.29,16290475
390423,MSFT,37.4,37.58,37.217,37.41,17505770
390424,MSFT,37.35,37.4,37.1,37.16,30643745
390425,MSFT,37.2,37.22,36.6,36.91,31134795
390426,MSFT,36.85,36.89,36.11,36.13,43615035
390427,MSFT,36.325,36.49,36.21,36.41,35924726
390428,MSFT,36,36.14,35.58,35.76,59979542
390429,MSFT,35.88,35.91,35.4,35.53,36520448
390430,MSFT,35.9,36.15,35.75,36.04,40558766
390431,MSFT,35.99,36.02,34.83,34.98,45923872
390432,MSFT,34.73,35.88,34.63,35.78,41627325
390433,MSFT,35.9,36.79,35.85,36.76,44909545
390434,MSFT,36.69,37,36.31,36.89,38035708
390435,MSFT,36.83,36.83,36.15,36.38,46298736
390436,MSFT,36.82,36.82,36.06,36.17,31578979
390437,MSFT,36.26,36.32,35.75,35.93,21965266
390438,MSFT,36.09,36.13,35.52,36.055,44515126
390439,MSFT,37.45,37.55,36.53,36.805,77051806
390440,MSFT,36.87,36.89,35.98,36.03,44485767
390441,MSFT,36.12,36.39,35.75,36.27,36225755
390442,MSFT,35.98,36.88,35.9,36.66,52790351
390443,MSFT,36.79,36.88,36.23,36.86,35111959
390444,MSFT,36.95,37.89,36.56,37.84,93190755
390445,MSFT,37.74,37.985,36.43,36.48,64102391
390446,MSFT,36.97,37.189,36.25,36.35,55526924
390447,MSFT,36.29,36.47,35.8,35.82,55841097
390448,MSFT,35.8,36.25,35.69,36.18,35380994
390449,MSFT,36.32,36.59,36.01,36.56,33348008
390450,MSFT,36.63,36.8,36.29,36.8,26782083
390451,MSFT,36.88,37.26,36.86,37.175,32164989
390452,MSFT,37.35,37.6,37.3,37.47,27055869
390453,MSFT,37.33,37.86,37.33,37.61,37647772
390454,MSFT,37.39,37.78,37.33,37.62,42986738
390455,MSFT,37.63,37.78,37.41,37.42,32839707
390456,MSFT,37.22,37.75,37.21,37.51,29794084
390457,MSFT,37.57,37.87,37.395,37.75,27541038
390458,MSFT,37.94,38.35,37.86,37.98,38030656
390459,MSFT,37.69,37.975,37.54,37.69,32143395
390460,MSFT,37.61,37.85,37.35,37.54,30867657
390461,MSFT,37.5801,37.74,37.19,37.47,41042629
390462,MSFT,37.45,37.89,37.23,37.86,33919024
390463,MSFT,37.98,38.46,37.82,38.31,41217028
390464,MSFT,37.92,38.13,37.495,37.78,29716052
390465,MSFT,38.2,38.48,38.07,38.41,26868337
390466,MSFT,38.25,38.2699,37.93,38.11,20520432
390467,MSFT,38.14,38.24,37.89,38.15,23605310
390468,MSFT,38.28,38.36,37.69,37.9,26596635
390469,MSFT,37.99,38.01,37.72,37.82,19007850
390470,MSFT,37.87,38.23,37.72,38.02,25218133
390471,MSFT,37.8,38.43,37.79,38.27,30496295
390472,MSFT,38.42,38.45,37.6414,37.89,32169650
390473,MSFT,37.651,38.135,37.5058,37.7,27195638
390474,MSFT,37.9,38.41,37.79,38.05,20479610
390475,MSFT,38.26,39.9,38.22,39.55,64063866
390476,MSFT,39.47,39.55,38.91,39.27,35597241
390477,MSFT,39.25,40.649,39.24,40.33,59269801
390478,MSFT,40.72,40.94,40.01,40.16,80731942
390479,MSFT,40.34,40.64,39.86,40.5,46098374
390480,MSFT,40.66,40.99,39.9599,40.34,43193147
390481,MSFT,40.48,40.705,39.6,39.79,41982966
390482,MSFT,39.74,39.97,39.34,39.36,35369170
390483,MSFT,39.79,40.635,39.68,40.3,43472747
390484,MSFT,40.43,41.5,40.4,40.99,46886284
390485,MSFT,41.15,41.59,41.07,41.42,32610395
390486,MSFT,41.44,41.66,41.17,41.35,28607267
390487,MSFT,41.29,41.29,40.71,41.01,30139567
390488,MSFT,41.25,41.39,39.64,39.87,51409573
390489,MSFT,39.96,40.27,39.74,39.8,37559615
390490,MSFT,39.75,39.93,39.2,39.82,35919609
390491,MSFT,39.93,40.55,39.88,40.47,27398687
390492,MSFT,40.44,40.69,39.09,39.36,45960848
390493,MSFT,39,39.79,39,39.209,34333298
390494,MSFT,39.11,39.41,38.9,39.18,32006651
390495,MSFT,39.34,39.96,39.05,39.75,33978673
390496,MSFT,40.06,40.415,39.905,40.4,30616304
390497,MSFT,40.01,40.195,39.51,40.01,36689399
390498,MSFT,40.13,40.15,39.79,39.94,22222222
390499,MSFT,39.96,40.14,39.83,39.99,27057271
390500,MSFT,39.99,39.99,39.47,39.69,24602781
390501,MSFT,39.74,39.97,39.3,39.86,42381594
390502,MSFT,40.29,40.68,39.75,39.91,56883812
390503,MSFT,40.14,41.29,40.09,40.87,50610208
390504,MSFT,41.1,41.19,40.39,40.51,29637370
390505,MSFT,40.4,40.5,40.1699,40.4,35464148
390506,MSFT,40.2401,40.36,39.95,40,28791455
390507,MSFT,40.31,40.34,39.66,39.69,43417914
390508,MSFT,39.52,39.6399,39.3,39.43,22460928
390509,MSFT,39.29,39.35,38.95,39.06,27112373
390510,MSFT,39.22,39.51,38.51,39.425,41749497
390511,MSFT,39.34,39.9,38.97,39.64,32123032
390512,MSFT,39.54,39.85,39.37,39.54,29647646
390513,MSFT,39.74,40.02,39.65,39.97,22787185
390514,MSFT,39.92,40.5,39.85,40.42,27004768
390515,MSFT,40.3,40.45,40.05,40.24,18818711
390516,MSFT,40.09,40.4,39.51,39.6,37793243
390517,MSFT,39.67,39.84,39.27,39.83,29868272
390518,MSFT,39.61,39.82,39.46,39.75,24537438
390519,MSFT,39.68,39.94,39.46,39.68,21322341
390520,MSFT,39.8,40.35,39.7399,40.35,22399392
390521,MSFT,40.29,40.35,39.85,40.1,20202485
390522,MSFT,40.37,40.37,40,40.12,18020866
390523,MSFT,40.26,40.26,39.81,40.19,26161164
390524,MSFT,40.14,40.19,39.82,40.01,25711565
390525,MSFT,40.15,40.35,39.91,40.34,19893872
390526,MSFT,40.45,40.97,40.25,40.94,34575579
390527,MSFT,40.95,41.09,40.68,40.79,18504300
390528,MSFT,40.6,40.68,40.25,40.29,18071096
390529,MSFT,40.21,40.37,39.86,40.32,23210341
390530,MSFT,40.59,41.25,40.4,41.21,31865213
390531,MSFT,41.48,41.66,41.24,41.48,24060542
390532,MSFT,41.39,41.48,41.02,41.27,15019425
390533,MSFT,41.03,41.16,40.86,41.11,15117689
390534,MSFT,40.93,41.07,40.765,40.86,18039990
390535,MSFT,40.81,40.88,40.29,40.58,29823030
390536,MSFT,41.1,41.565,40.86,41.23,26310697
390537,MSFT,41.04,41.61,41.04,41.5,24205297
390538,MSFT,41.29,41.91,40.335,41.68,22518630
390539,MSFT,41.605,41.74,41.18,41.65,27097228
390540,MSFT,41.57,41.77,41.3301,41.51,19837767
390541,MSFT,41.445,41.83,41.38,41.68,47765407
390542,MSFT,41.73,42,41.69,41.99,18743905
390543,MSFT,41.83,41.94,41.56,41.745,26518274
390544,MSFT,41.7,42.05,41.46,42.03,20051576
390545,MSFT,41.93,41.94,41.43,41.72,23604409
390546,MSFT,41.61,42.29,41.51,42.25,74641945
390547,MSFT,42.17,42.21,41.7,41.7,30805472
390548,MSFT,41.86,42.15,41.69,41.87,26922597
390549,MSFT,41.73,41.9,41.53,41.9,20208526
390550,MSFT,41.91,41.99,41.56,41.8,15969310
390551,MSFT,41.75,42.12,41.71,41.99,21953619
390552,MSFT,41.87,42,41.61,41.78,31218208
390553,MSFT,41.98,41.99,41.53,41.67,18445910
390554,MSFT,41.37,42,41.05,41.685,21856832
390555,MSFT,41.7,42.09,41.48,42.09,24087374
390556,MSFT,42.22,42.45,42.04,42.14,21882943
390557,MSFT,42.33,42.47,42.03,42.45,28758961
390558,MSFT,42.51,44.31,42.48,44.08,63322372
390559,MSFT,45.45,45.71,44.25,44.53,82180263
390560,MSFT,44.65,44.84,44.25,44.69,43407490
390561,MSFT,44.56,45.16,44.22,44.835,37604378
390562,MSFT,45,45.15,44.59,44.83,43095820
390563,MSFT,45.45,45.45,44.62,44.87,52363948
390564,MSFT,44.93,45,44.32,44.4,30725348
390565,MSFT,44.3,44.66,44.3,44.5,26737724
390566,MSFT,44.36,44.51,43.93,43.97,29687677
390567,MSFT,43.91,44.09,43.64,43.885,27764099
390568,MSFT,44.07,44.1,43.29,43.5785,31925735
390569,MSFT,43.38,43.69,43.08,43.16,31540882
390570,MSFT,43.21,43.25,42.6,42.86,31171094
390571,MSFT,42.97,43.47,42.81,43.37,34277387
390572,MSFT,43.31,43.46,42.83,43.08,26267500
390573,MSFT,42.74,43.17,42.21,42.74,24633966
390574,MSFT,42.84,43.45,42.65,43.23,30315183
390575,MSFT,43.23,43.315,42.91,43.2,28943024
390576,MSFT,43.26,43.45,43.02,43.2,20351600
390577,MSFT,43.04,43.59,43,43.52,21433589
390578,MSFT,43.68,44.18,43.52,44.08,22851136
390579,MSFT,44.08,44.417,44.01,44.27,19313194
390580,MSFT,44.58,44.895,44.4,44.79,41611308
390581,MSFT,44.94,45.11,44.68,45.11,26895359
390582,MSFT,44.97,45.34,44.83,45.33,28139494
390583,MSFT,45.34,45.4,44.9,44.95,24770487
390584,MSFT,44.84,45.25,44.83,45.22,22285502
390585,MSFT,45.35,45.47,45.07,45.15,18294741
390586,MSFT,45.4,45.44,45.04,45.17,16909999
390587,MSFT,45.31,45.395,44.94,45.005,14877669
390588,MSFT,44.9,45,44.76,44.87,21287931
390589,MSFT,44.75,44.98,44.61,44.88,17657643
390590,MSFT,45.09,45.44,44.855,45.43,21608625
390591,MSFT,45.43,45.46,44.85,45.09,22976775
390592,MSFT,44.53,45.11,44.53,44.96,33689341
390593,MSFT,44.74,45.27,44.72,45.26,26478082
390594,MSFT,45.11,45.93,45.11,45.91,36939360
390595,MSFT,46.02,46.8,45.99,46.47,45736730
390596,MSFT,46.47,46.97,46.42,46.76,40302386
390597,MSFT,46.8201,46.94,46.28,46.84,27304409
390598,MSFT,46.74,47,46.47,47,29216560
390599,MSFT,46.91,47.02,46.6,46.695,38247122
390600,MSFT,46.54,46.71,46.1,46.24,37667644
390601,MSFT,46.39,46.85,46.29,46.76,27910571
390602,MSFT,46.26,46.69,46.23,46.52,38311924
390603,MSFT,46.59,46.83,46.46,46.68,35556632
390604,MSFT,46.81,47.57,46.6,47.52,202526536
390605,MSFT,47.3,47.38,46.98,47.06,38686091
390606,MSFT,46.85,46.98,46.47,46.56,33431078
390607,MSFT,46.63,47.11,46.34,47.08,26582713
390608,MSFT,46.88,47.09,46.03,46.04,33077385
390609,MSFT,45.93,46.62,45.76,46.41,27078764
390610,MSFT,45.98,46.56,45.76,46.44,26090980
390611,MSFT,46.37,46.4763,46.01,46.36,33033086
390612,MSFT,46.27,46.53,45.845,45.9,38088355
390613,MSFT,45.83,46.1,45.64,45.76,25119508
390614,MSFT,45.98,46.3,45.61,46.09,32453273
390615,MSFT,46.12,46.3,45.9199,46.09,20603960
390616,MSFT,45.86,45.93,45.42,45.53,25724544
390617,MSFT,45.48,46.89,45.34,46.78,33030972
390618,MSFT,46.5,46.8,45.74,45.85,34426595
390619,MSFT,45.6,46.12,43.95,44.03,51978146
390620,MSFT,43.82,44.56,43.49,43.65,37100207
390621,MSFT,43.87,44.38,43.56,43.73,38120558
390622,MSFT,43,43.39,42.1,43.22,60220961
390623,MSFT,42.53,43.08,42.22,42.74,49040989
390624,MSFT,43.2,43.935,42.79,43.63,40683346
390625,MSFT,43.06,44.14,42.81,44.08,34530887
390626,MSFT,44.36,44.975,44.19,44.88,36433824
390627,MSFT,45,45.07,44.225,44.38,33579817
390628,MSFT,44.62,45.445,44.53,45.02,45451869
390629,MSFT,46.83,46.9,45.18,46.13,61081039
390630,MSFT,45.71,46.1,45.71,45.91,30371308
390631,MSFT,45.86,46.5,45.77,46.49,29049750
390632,MSFT,46.44,46.7,46.34,46.62,30283622
390633,MSFT,46.32,46.32,45.77,46.05,30073873
390634,MSFT,46.94,46.97,46.48,46.95,35849656
390635,MSFT,46.89,47.46,46.73,47.44,23130397
390636,MSFT,47.301,47.73,47.25,47.57,21530813
390637,MSFT,47.8,47.9,47.26,47.86,22449594
390638,MSFT,47.86,48.86,47.79,48.7,33037841
390639,MSFT,48.92,48.92,48.2901,48.68,28000598
390640,MSFT,48.65,49.15,48.55,48.89,36370067
390641,MSFT,48.85,48.93,48.645,48.87,23445239
390642,MSFT,48.56,48.92,48.52,48.78,22722123
390643,MSFT,48.81,49.645,48.705,49.61,26210433
390644,MSFT,49.74,50.045,49.39,49.58,29081657
390645,MSFT,49.41,49.705,49.14,49.46,30318648
390646,MSFT,49.13,49.325,48.7,48.74,23996457
390647,MSFT,48.66,48.7549,47.93,48.22,26177450
390648,MSFT,48,48.7,47.87,48.7,21510587
390649,MSFT,49.02,49.05,47.57,47.98,42884795
390650,MSFT,47.99,48,47.39,47.59,35434245
390651,MSFT,47.66,47.97,47.45,47.47,28007993
390652,MSFT,47.49,47.99,47.28,47.75,27164877
390653,MSFT,47.95,48.195,47.61,47.81,21534426
390654,MSFT,47.88,48.78,47.71,48.62,31191575
390655,MSFT,48.84,49.05,48.2,48.46,25773478
390656,MSFT,48.44,48.5,47.805,48.08,23534752
390657,MSFT,48.39,49.06,48.2,48.84,30345132
390658,MSFT,48.82,48.97,48.38,48.42,27313449
390659,MSFT,48.26,48.35,47.445,47.695,26663107
390660,MSFT,47.11,47.92,47.05,47.59,24330506
390661,MSFT,47.58,47.66,46.7001,46.9,30431788
390662,MSFT,47.08,47.74,46.68,47.17,29061918
390663,MSFT,46.78,47.73,46.67,46.95,34248371
390664,MSFT,47.2,47.67,46.55,46.67,29247761
390665,MSFT,45.9,46.34,45.13,45.16,47801392
390666,MSFT,45.05,45.945,44.9,45.74,34970865
390667,MSFT,46.58,47.52,46.3386,47.52,40105550
390668,MSFT,47.63,48.1,47.17,47.66,64551182
390669,MSFT,47.78,48.12,47.71,47.98,26565984
390670,MSFT,48.37,48.8,48.13,48.45,23656529
390671,MSFT,48.64,48.64,48.08,48.14,11442790
390672,MSFT,48.41,48.41,47.82,47.88,13197817
390673,MSFT,47.7,47.78,47.26,47.45,14439518
390674,MSFT,47.44,47.62,46.84,47.02,16384692
390675,MSFT,46.73,47.44,46.45,46.45,21552450
390676,MSFT,46.66,47.42,46.54,46.76,27913852
390677,MSFT,46.37,46.73,46.25,46.325,39673865
390678,MSFT,46.38,46.749,45.54,45.65,36447854
390679,MSFT,45.98,46.46,45.49,46.23,29114061
390680,MSFT,46.75,47.7499,46.72,47.59,29645202
390681,MSFT,47.61,47.82,46.9,47.19,23944181
390682,MSFT,47.42,47.54,46.36,46.6,23651887
390683,MSFT,46.97,47.91,46.06,46.355,35270601
390684,MSFT,45.96,46.24,45.62,45.955,29719580
390685,MSFT,46.22,46.38,45.41,45.48,32750779
390686,MSFT,45.31,46.28,45.17,46.24,35695289
390687,MSFT,46.3,46.65,45.57,46.39,36161860
390688,MSFT,45.94,46.14,45.48,45.92,39081143
390689,MSFT,46.38,47.135,46.08,47.13,35898035
390690,MSFT,47.36,47.39,46.8,47.18,26211594
390691,MSFT,47,47.1339,46.2399,47.01,42525530
390692,MSFT,42.95,43.2,42.105,42.66,169163953
390693,MSFT,42.74,42.79,41.16,41.19,84507078
390694,MSFT,40.93,42.12,40.79,42.01,63585273
390695,MSFT,41.55,41.58,40.35,40.4,78004944
390696,MSFT,40.59,41.37,40.23,41.28,50352532
390697,MSFT,41.63,41.93,41.045,41.6,52082448
390698,MSFT,41.94,42.21,41.36,41.84,41614812
390699,MSFT,42.22,42.64,41.855,42.45,36548168
390700,MSFT,42.68,42.79,42.15,42.41,34616554
390701,MSFT,42.24,42.74,42.21,42.36,31381061
390702,MSFT,42.74,42.77,42.18,42.6,29670676
390703,MSFT,42.65,42.65,42.21,42.38,38262509
390704,MSFT,42.66,43.09,42.51,43.09,33268831
390705,MSFT,43.38,43.87,43.15,43.87,40264887
390706,MSFT,43.97,44,43.19,43.58,33695749
390707,MSFT,43.63,43.7,43.39,43.53,27111657
390708,MSFT,43.18,43.5263,43.05,43.5,27603420
390709,MSFT,43.51,43.88,43.29,43.855,29721133
390710,MSFT,43.7,44.19,43.65,44.15,32518754
390711,MSFT,44.15,44.3,43.92,44.09,25271747
390712,MSFT,43.95,44.09,43.8,43.99,29759820
390713,MSFT,43.99,44.23,43.89,44.055,28957329
390714,MSFT,44.13,44.2,43.66,43.85,33807740
390715,MSFT,43.67,44.19,43.55,43.88,31924049
390716,MSFT,43.56,43.825,43.09,43.28,31748648
390717,MSFT,43.01,43.21,42.88,43.055,25748692
390718,MSFT,43.07,43.24,42.82,43.11,23193541
390719,MSFT,43,43.11,42.15,42.36,36248785
390720,MSFT,42.19,43.125,42.19,42.85,32107957
390721,MSFT,42.35,42.71,42.03,42.03,39159730
390722,MSFT,42.31,42.37,41.84,41.98,32215314
390723,MSFT,41.33,41.65,40.86,41.02,59992502
390724,MSFT,40.7,41.47,40.61,41.38,58007705
390725,MSFT,41.47,41.64,41.28,41.56,35273452
390726,MSFT,41.37,41.83,41.15,41.695,31673448
390727,MSFT,41.43,42.83,41.33,42.5,44194771
390728,MSFT,42.26,42.59,42.22,42.285,33879066
390729,MSFT,42.56,42.98,42.49,42.88,71904529
390730,MSFT,42.88,43.13,42.78,42.855,26246086
390731,MSFT,42.78,43.17,42.75,42.9,25513252
390732,MSFT,42.92,42.925,41.44,41.46,43469907
390733,MSFT,41.22,41.61,40.92,41.21,37495627
390734,MSFT,41.12,41.43,40.83,40.97,34401398
390735,MSFT,41.1,41.54,40.91,40.96,35049662
390736,MSFT,40.78,41.03,40.54,40.655,34887219
390737,MSFT,40.6,40.76,40.31,40.72,36865322
390738,MSFT,40.66,40.74,40.12,40.29,37487476
390739,MSFT,40.34,41.78,40.18,41.545,39223692
390740,MSFT,41.61,41.91,41.31,41.53,28809375
390741,MSFT,41.46,41.69,41.04,41.42,24753438
390742,MSFT,41.25,41.62,41.25,41.48,25723861
390743,MSFT,41.63,41.95,41.41,41.72,28022002
390744,MSFT,41.4,42.06,41.39,41.76,30276692
390745,MSFT,41.8,42.03,41.39,41.65,24244382
390746,MSFT,41.76,42.46,41.68,42.255,27343581
390747,MSFT,41.95,42.34,41.82,42.16,22509652
390748,MSFT,41.67,41.74,41.16,41.615,42387608
390749,MSFT,41.73,43.17,41.68,42.905,46057733
390750,MSFT,43,43.15,42.53,42.635,26013844
390751,MSFT,42.67,43.13,42.55,42.985,25064273
390752,MSFT,42.89,43.61,42.8,43.34,46309530
390753,MSFT,45.66,48.14,45.65,47.87,130933665
390754,MSFT,47.23,48.13,47.22,48.03,59248172
390755,MSFT,47.78,49.21,47.7,49.155,60730778
390756,MSFT,48.72,49.31,48.5,49.06,47804562
390757,MSFT,48.7,49.54,48.6,48.64,64725457
390758,MSFT,48.58,48.875,48.4,48.655,38937336
390759,MSFT,48.37,48.87,48.18,48.24,34039485
390760,MSFT,47.82,48.16,47.31,47.6,50369191
390761,MSFT,47.57,47.77,46.02,46.28,52433020
390762,MSFT,46.27,47.085,46.16,46.7,32971654
390763,MSFT,47.55,47.98,47.52,47.75,35364911
390764,MSFT,47.55,47.91,47.37,47.37,24609416
390765,MSFT,46.85,47.68,46.42,47.35,29928264
390766,MSFT,48.19,48.32,47.57,47.625,34184613
390767,MSFT,48.0301,48.82,48.03,48.72,32980892
390768,MSFT,48.87,48.905,48.05,48.295,28642694
390769,MSFT,47.98,48.22,47.61,48.01,24136502
390770,MSFT,47.56,47.81,47.18,47.58,28574813
390771,MSFT,47.39,47.93,47.27,47.58,25047919
390772,MSFT,47.28,47.6,47.005,47.42,22410698
390773,MSFT,47.3,47.35,46.82,46.9,25720583
390774,MSFT,46.83,46.88,46.19,46.59,29581860
390775,MSFT,46.82,47.77,46.62,47.61,27335639
390776,MSFT,47.5,48.02,47.39,47.45,19283666
390777,MSFT,47.43,47.57,46.59,46.86,36519594
390778,MSFT,47.06,47.77,46.62,47.23,28837332
390779,MSFT,46.93,47.35,46.62,46.92,21498326
390780,MSFT,47.37,47.735,46.82,46.85,28002154
390781,MSFT,46.79,47.16,46.2,46.36,27745512
390782,MSFT,46.31,46.52,45.84,46.14,25438086
390783,MSFT,46.3,46.43,45.67,45.73,22121634
390784,MSFT,45.76,45.94,45.46,45.65,24406057
390785,MSFT,45.79,46.83,45.69,46.61,28417405
390786,MSFT,46.66,46.92,46.13,46.44,27347758
390787,MSFT,46.22,46.47,45.9,45.97,23930972
390788,MSFT,45.45,45.65,45.0201,45.475,33254517
390789,MSFT,45.35,46.24,45.3,45.83,27070306
390790,MSFT,45.73,46.07,45.36,45.97,28704061
390791,MSFT,46.22,46.8,46.17,46.72,32658343
390792,MSFT,46.79,46.825,45.99,46.1,63837036
390793,MSFT,46.33,46.72,46.16,46.23,20318055
390794,MSFT,46.13,46.28,45.62,45.91,25896473
390795,MSFT,45.67,46.245,45.55,45.635,34890901
390796,MSFT,46.03,46.06,45.5,45.65,20615995
390797,MSFT,45.65,46.28,45.03,45.26,49835287
390798,MSFT,45.04,45.23,44.36,44.37,34081746
390799,MSFT,44.71,44.72,43.94,44.15,35945384
390800,MSFT,44.46,45.23,44.1,44.445,28343907
390801,MSFT,44.48,44.75,44.06,44.4,21752013
390802,MSFT,43.96,44.48,43.95,44.39,23033961
390803,MSFT,44.34,44.49,43.32,44.3,36435827
390804,MSFT,44.44,44.9,44.03,44.24,39785901
390805,MSFT,44.75,45.22,44.5,44.52,32424672
390806,MSFT,45.01,45.14,44.57,44.61,25465757
390807,MSFT,44.975,45.62,44.9501,45.54,28178329
390808,MSFT,45.45,45.96,45.31,45.62,22880260
390809,MSFT,45.68,45.89,45.43,45.76,26629615
390810,MSFT,46.01,46.69,45.965,46.66,26271673
390811,MSFT,46.55,46.78,46.26,46.62,29467107
390812,MSFT,46.65,47.13,46.44,46.92,30631905
390813,MSFT,46.78,47.33,46.48,47.28,42781899
390814,MSFT,45.44,46.93,45.203,45.54,59152427
390815,MSFT,45.27,46.23,45.1,46.11,33934010
390816,MSFT,45.91,46.32,45.8,45.94,32333244
390817,MSFT,45.94,46.01,45.25,45.35,39701420
390818,MSFT,45.58,45.639,44.79,45.34,34328948
390819,MSFT,45.4,46.78,45.26,46.29,40945864
390820,MSFT,46.26,47.4,45.93,46.88,39777883
390821,MSFT,47.29,47.37,46.5,46.7,31201480
390822,MSFT,46.98,47,46.45,46.81,24125886
390823,MSFT,46.75,47.71,46.68,47.54,33403916
390824,MSFT,47.98,48.41,47.54,47.58,26959655
390825,MSFT,47.71,47.77,46.33,46.62,27368000
390826,MSFT,46.39,46.78,46.26,46.74,19163038
390827,MSFT,46.95,47.49,46.84,47.33,23079870
390828,MSFT,46.82,46.94,45.9,46.41,29237402
390829,MSFT,46.19,46.9,45.705,46.74,30198532
390830,MSFT,47.06,47.1,46.49,46.73,22627241
390831,MSFT,46.53,47.1,46.52,47,21473402
390832,MSFT,46.81,47.45,46.57,47.32,21099746
390833,MSFT,46.84,47.43,46.7,47.27,23574104
390834,MSFT,46.78,47.08,46.3,46.61,31485511
390835,MSFT,46.07,46.47,45.66,45.66,36238227
390836,MSFT,45.3,45.48,43.07,43.07,70053084
390837,MSFT,40.45,43.31,39.72,41.68,88753660
390838,MSFT,42.565,43.24,40.39,40.47,70616597
390839,MSFT,42.01,42.84,41.06,42.71,63407996
390840,MSFT,43.14,43.95,42.925,43.9,50943211
390841,MSFT,43.47,44.15,43.39,43.93,28246725
390842,MSFT,43.74,43.93,43.1,43.52,34441662
390843,MSFT,42.23,42.59,41.66,41.82,49688896
390844,MSFT,42.24,43.38,41.88,43.36,37671518
390845,MSFT,43.41,43.98,43.28,43.5,28285205
390846,MSFT,42.81,43.04,42.195,42.61,37138775
390847,MSFT,43.3,44,43.2,43.89,32469766
390848,MSFT,44.21,44.4,42.91,43.07,33469485
390849,MSFT,43.12,43.79,42.745,43.29,31366630
390850,MSFT,43.14,43.59,42.9399,43.48,27132527
390851,MSFT,43.43,43.44,42.86,43.04,23656048
390852,MSFT,43.19,44.29,43.08,43.98,28882206
390853,MSFT,43.97,44.38,43.84,44.3,23372162
390854,MSFT,44.29,45,44.08,44.25,32768161
390855,MSFT,43.5,43.99,43.33,43.48,63143684
390856,MSFT,43.62,44.47,43.6,44.11,26177224
390857,MSFT,43.38,44.05,43.31,43.9,28085903
390858,MSFT,43.93,44.17,43.51,43.87,17145238
390859,MSFT,43.45,44.13,43.27,43.91,27905607
390860,MSFT,44.48,44.73,43.76,43.94,29384601
390861,MSFT,43.83,44.085,43.205,43.29,27613785
390862,MSFT,43.37,43.57,43.05,43.44,32763557
390863,MSFT,43.88,44.3,43.66,44.26,34958880
390864,MSFT,44.75,44.75,43.75,44.61,28657859
390865,MSFT,44.27,45.57,43.92,45.57,41839035
390866,MSFT,45.745,46.89,45.7,46.63,34369286
390867,MSFT,46.33,47.175,46.22,46.75,27510808
390868,MSFT,47.1,47.35,45.95,46.8,27711492
390869,MSFT,46.56,47.515,46.5,47.45,33772709
390870,MSFT,47.45,47.54,46.92,47.11,28600632
390871,MSFT,46.98,47.07,46.5,47,19769066
390872,MSFT,46.56,47.1299,46.56,46.89,19987816
390873,MSFT,46.65,47.1,46.53,46.68,24697766
390874,MSFT,47.01,47.03,46.53,47.01,27189370
390875,MSFT,47.02,47.54,46.897,47.51,26450334
390876,MSFT,47.42,47.88,47.02,47.62,29387581
390877,MSFT,47.44,47.81,47.02,47.77,30802235
390878,MSFT,47.92,47.99,47.11,47.2,25264710
390879,MSFT,47.53,48.95,47.09,48.03,56637074
390880,MSFT,52.3,54.07,52.25,52.87,135227059
390881,MSFT,52.53,54.32,52.5,54.25,64633324
390882,MSFT,53.99,54.37,53.58,53.69,50999907
390883,MSFT,53.54,53.98,52.86,53.98,47000753
390884,MSFT,53.54,53.83,53.22,53.36,30202078
390885,MSFT,53.32,53.99,52.62,52.64,46619761
390886,MSFT,52.85,53.36,52.62,53.24,30284982
390887,MSFT,52.93,54.39,52.9,54.15,36596931
390888,MSFT,54.18,54.88,54.06,54.4,37087849
390889,MSFT,54.49,54.7,54,54.38,31468485
390890,MSFT,54.085,54.98,53.964,54.92,32851204
390891,MSFT,54.55,54.87,53.56,54.16,32513067
390892,MSFT,54.07,54.13,53.27,53.51,55283697
390893,MSFT,53.7,54.2,53.46,53.65,36516260
390894,MSFT,53.48,53.9791,53.19,53.32,35361095
390895,MSFT,53.07,53.29,52.53,52.84,36848175
390896,MSFT,53.08,53.89,52.85,53.765,32165198
390897,MSFT,53.17,53.53,52.85,52.97,31551255
390898,MSFT,53,53.98,52.9799,53.85,29710030
390899,MSFT,53.99,54.66,53.781,53.94,28149228
390900,MSFT,54.25,54.3,53.265,54.19,37147608
390901,MSFT,54.25,54.46,53.75,54.19,28235918
390902,MSFT,53.92,54.44,53.58,54.25,24600043
390903,MSFT,54.09,54.23,53.69,53.69,21005147
390904,MSFT,53.8,54.08,53.79,53.93,9009132
390905,MSFT,54.54,54.96,53.9999,54.35,56241417
390906,MSFT,54.41,55.23,54.3,55.22,39952779
390907,MSFT,55.32,55.96,55.06,55.21,47274879
390908,MSFT,55.49,55.77,53.93,54.2,38627835
390909,MSFT,54.12,56.23,54.1,55.91,43963662
390910,MSFT,55.79,55.97,55.29,55.81,30709765
390911,MSFT,55.47,56.1,54.99,55.79,32878026
390912,MSFT,55.37,55.87,54.51,54.98,36373209
390913,MSFT,55.39,55.655,55.01,55.27,31775826
390914,MSFT,54.71,55.1,54.01,54.06,39549497
390915,MSFT,54.33,55.21,53.68,55.14,47006491
390916,MSFT,55.66,55.9,55.09,55.2,39842998
390917,MSFT,55.54,56.245,54.76,56.13,37503300
390918,MSFT,56.36,56.79,55.5348,55.7,41280907
390919,MSFT,55.77,56,54.03,54.13,84684164
390920,MSFT,54.88,55.35,54.2262,54.83,37246325
390921,MSFT,54.99,55.48,54.5,55.35,28322241
390922,MSFT,55.7,55.88,55.44,55.82,27279832
390923,MSFT,55.86,55.96,55.43,55.67,9570002
390924,MSFT,55.35,55.95,54.98,55.95,22458293
390925,MSFT,56.29,56.85,56.06,56.55,27731403
390926,MSFT,56.47,56.78,56.2875,56.31,21704505
390927,MSFT,56.04,56.19,55.42,55.48,27334061
390928,MSFT,54.32,54.8,53.39,54.8,53777963
390929,MSFT,54.93,55.39,54.54,55.05,34079674
390930,MSFT,54.32,54.4001,53.64,54.05,39518863
390931,MSFT,52.7,53.485,52.07,52.17,56564852
390932,MSFT,52.37,53.28,52.15,52.33,48753969
390933,MSFT,52.51,52.85,51.46,52.3,36943756
390934,MSFT,52.76,53.1,52.06,52.78,36095539
390935,MSFT,53.8,54.07,51.3038,51.64,66883571
390936,MSFT,52,53.4163,51.57,53.11,52381918
390937,MSFT,51.31,51.97,50.34,50.99,71820697
390938,MSFT,51.48,51.68,50.06,50.56,43564538
390939,MSFT,49.98,51.38,49.1,50.79,63272993
390940,MSFT,51,51.58,50.3,50.48,40191157
390941,MSFT,51.41,52.33,51.26,52.29,37555789
390942,MSFT,51.94,52.65,51.65,51.79,34707717
390943,MSFT,51.79,52.44,51.55,52.17,28900820
390944,MSFT,52.01,52.2,51.0201,51.22,36775194
390945,MSFT,51.86,52.21,51.25,52.055,62513789
390946,MSFT,54.73,55.09,54,55.09,83611686
390947,MSFT,54.88,55.09,54.495,54.71,44208542
390948,MSFT,54.17,54.26,52.65,53,56313753
390949,MSFT,53.25,53.39,51.26,52.16,57559814
390950,MSFT,52.1,52.81,51.37,52,46987123
390951,MSFT,51.94,52,49.56,50.16,62008994
390952,MSFT,49.55,49.57,48.19,49.41,59290497
390953,MSFT,49.02,50.24,48.67,49.28,46740474
390954,MSFT,49.89,50.39,49.52,49.71,38236954
390955,MSFT,48.68,50.11,48.51,49.69,48878571
390956,MSFT,50.25,50.68,49.75,50.5,34243324
390957,MSFT,50.9,51.09,50.13,51.09,37291208
390958,MSFT,51.49,52.77,51.45,52.42,40788968
390959,MSFT,52.33,52.95,52.1,52.19,27176035
390960,MSFT,51.97,52.28,51.53,51.82,33559073
390961,MSFT,52.28,53,52.28,52.65,25008291
390962,MSFT,52.34,52.37,50.98,51.18,28895274
390963,MSFT,50.69,51.5,50.2,51.36,33014457
390964,MSFT,51.73,52.1,50.61,52.1,26939467
390965,MSFT,52.6,52.68,51.1,51.3,35975925
390966,MSFT,51.35,51.65,50.66,50.88,31654036
390967,MSFT,50.97,52.59,50.9199,52.58,33024535
390968,MSFT,52.41,52.96,52.155,52.95,29289884
390969,MSFT,52.97,52.97,51.78,52.35,24427813
390970,MSFT,52.4,52.45,51.71,52.03,33034150
390971,MSFT,51.56,51.8,50.58,51.03,38428816
390972,MSFT,50.8,52.13,50.595,51.65,33835119
390973,MSFT,51.89,52.85,51.855,52.84,28251588
390974,MSFT,52.93,52.94,51.16,52.05,38387804
390975,MSFT,53,53.07,52.38,53.07,32275677
390976,MSFT,52.71,53.59,52.63,53.17,24083616
390977,MSFT,52.75,53.59,52.74,53.59,21104763
390978,MSFT,53.45,54.6,53.4,54.35,31691742
390979,MSFT,54.21,55,54,54.66,28223947
390980,MSFT,54.92,54.97,53.445,53.49,67625518
390981,MSFT,53.25,53.9298,52.93,53.86,23925716
390982,MSFT,53.61,54.25,53.46,54.07,23124143
390983,MSFT,54.11,54.24,53.74,53.97,20129015
390984,MSFT,53.84,54.33,53.73,54.21,19949972
390985,MSFT,54.21,54.29,53.33,53.54,17025050
390986,MSFT,53.66,54.86,53.45,54.71,23924329
390987,MSFT,54.93,55.64,54.9,55.05,23008260
390988,MSFT,54.95,55.59,54.86,55.23,26360495
390989,MSFT,55.05,55.61,54.57,55.57,24399193
390990,MSFT,55.43,55.66,55,55.43,18928810
390991,MSFT,55.19,55.3,54.46,54.56,19272255
390992,MSFT,54.36,55.2,54.21,55.12,21188682
390993,MSFT,54.87,54.91,54.23,54.46,19225092
390994,MSFT,54.67,55.28,54.32,54.42,22167223
390995,MSFT,54.49,55.15,54.3,54.31,21414227
390996,MSFT,54.37,54.78,53.76,54.65,24944288
390997,MSFT,55.12,55.4375,54.89,55.35,20817961
390998,MSFT,55.22,55.575,55.07,55.36,20877108
390999,MSFT,55.3,55.92,55.11,55.65,28793753
391000,MSFT,55.49,56.59,55.21,56.46,23785950
391001,MSFT,56.63,56.77,55.68,56.39,29596827
391002,MSFT,56.29,56.5,55.485,55.59,36195714
391003,MSFT,55.8,56.23,55.415,55.78,38909096
391004,MSFT,51.91,52.4297,50.77,51.78,126834091
391005,MSFT,51.78,52.13,51.63,52.11,33226948
391006,MSFT,52.26,52.35,51.09,51.44,33532636
391007,MSFT,51.48,51.5,50.55,50.94,43369256
391008,MSFT,50.62,50.77,49.56,49.9,43134846
391009,MSFT,49.35,50.25,49.35,49.87,48411684
391010,MSFT,50,50.75,49.7799,50.61,33114539
391011,MSFT,50.34,50.41,49.6,49.78,26460244
391012,MSFT,49.84,50.06,49.46,49.87,24257556
391013,MSFT,49.87,50.3,49.73,49.94,25390718
391014,MSFT,49.92,50.39,49.66,50.39,24787301
391015,MSFT,50.49,50.585,50,50.07,17951598
391016,MSFT,50.33,51.1,50.19,51.02,22890966
391017,MSFT,51.13,51.78,51,51.05,24039140
391018,MSFT,51.2,51.81,50.92,51.51,24102781
391019,MSFT,51.44,51.895,51.04,51.08,22592342
391020,MSFT,50.8,51.96,50.75,51.83,20032017
391021,MSFT,51.72,51.73,50.36,50.51,27803514
391022,MSFT,50.48,51.14,50.3,50.81,24907532
391023,MSFT,50.47,50.62,49.82,50.32,23842358
391024,MSFT,50.48,51.22,50.4,50.62,23905769
391025,MSFT,50.6,50.68,49.98,50.03,26118720
391026,MSFT,50.7,51.71,50.4,51.59,34757944
391027,MSFT,51.92,52.49,51.79,52.12,24204566
391028,MSFT,51.93,51.9793,51.36,51.89,24335223
391029,MSFT,51.92,52.32,51.77,52.32,17721438
391030,MSFT,52.26,53,52.08,53,37653081
391031,MSFT,52.44,52.95,52.44,52.85,25324828
391032,MSFT,52.64,52.74,51.835,52.48,22840779
391033,MSFT,52.38,52.42,51.6,51.79,23368291
391034,MSFT,51.99,52.35,51.89,52.13,18243271
391035,MSFT,52.24,52.73,52.1,52.1,20866770
391036,MSFT,52.02,52.44,51.87,52.04,21149438
391037,MSFT,52,52,51.49,51.62,20305664
391038,MSFT,51.05,52.05,51.04,51.48,25833151
391039,MSFT,49.58,50.715,49.06,50.14,83217844
391040,MSFT,49.9,50.1,49.57,49.83,42577106
391041,MSFT,49.78,50.12,49.69,49.69,33757639
391042,MSFT,49.52,50.47,49.5068,50.39,31188605
391043,MSFT,50.41,50.43,49.82,50.13,45710516
391044,MSFT,50.64,50.83,50.03,50.07,35607946
391045,MSFT,50.2,51.43,50.16,51.19,34097825
391046,MSFT,51.08,51.46,50.9525,50.99,28816848
391047,MSFT,51.28,52.06,51.15,51.91,29028833
391048,MSFT,49.81,50.94,49.52,49.83,133502985
391049,MSFT,49.1,49.1466,48.035,48.43,50576699
391050,MSFT,48.92,49.47,48.67,49.44,38140658
391051,MSFT,49.91,50.72,49.8,50.54,31304021
391052,MSFT,50.72,51.3,50.5,51.17,28527781
391053,MSFT,51.13,51.72,51.07,51.16,21400392
391054,MSFT,50.83,51.28,50.74,51.17,24806351
391055,MSFT,50.78,51.54,50.39,51.38,28167461
391056,MSFT,51.42,51.61,51.07,51.38,19585194
391057,MSFT,51.73,52.36,51.55,52.3,28391026
391058,MSFT,52.5,52.83,52.47,52.59,22269203
391059,MSFT,52.94,53.4,52.785,53.21,27317555
391060,MSFT,53.56,53.86,53.18,53.51,25356841
391061,MSFT,53.84,53.99,53.58,53.74,24545520
391062,MSFT,53.95,54,53.21,53.7,32024385
391063,MSFT,53.7,54.34,53.55,53.96,31433864
391064,MSFT,53.71,53.9,52.93,53.09,53336533
391065,MSFT,56.15,56.84,55.53,55.91,89893301
391066,MSFT,55.98,56.23,55.76,55.8,32776653
391067,MSFT,56.08,56.6275,55.78,56.57,32157167
391068,MSFT,56.47,56.74,56.255,56.73,25610587
391069,MSFT,56.52,57.29,56.51,56.76,28078995
391070,MSFT,56.61,56.8,56.11,56.19,32327477
391071,MSFT,56,56.37,55.72,56.21,37550411
391072,MSFT,56.26,56.76,56.05,56.68,30558718
391073,MSFT,56.6,56.75,56.14,56.58,26003419
391074,MSFT,56.85,56.9,56.31,56.58,35121958
391075,MSFT,56.68,57.11,56.49,56.97,22075616
391076,MSFT,56.8,57.5193,56.67,57.39,26587749
391077,MSFT,57.65,58.21,57.45,57.96,29335221
391078,MSFT,58.055,58.085,57.78,58.06,19473499
391079,MSFT,58.17,58.5,58.02,58.2,16920721
391080,MSFT,58.16,58.32,57.82,58.02,15756913
391081,MSFT,58.03,58.45,58.03,58.3,18162301
391082,MSFT,58.03,58.19,57.62,57.94,21655161
391083,MSFT,58.01,58.5,57.96,58.12,19283902
391084,MSFT,57.61,57.62,57.27,57.44,20523493
391085,MSFT,57.54,57.68,57.23,57.56,18856423
391086,MSFT,57.42,57.7,57.27,57.6,14214341
391087,MSFT,57.43,57.73,57.2,57.62,17271044
391088,MSFT,57.6,57.75,57.26,57.67,15221922
391089,MSFT,57.9,58.18,57.85,57.89,18732373
391090,MSFT,57.8,58.04,57.715,57.95,18151506
391091,MSFT,57.88,58.29,57.78,58.17,18552579
391092,MSFT,58.28,58.7,57.69,58.03,20971202
391093,MSFT,58.18,58.6,58.1,58.1,16417207
391094,MSFT,57.98,58.19,57.61,57.89,16930185
391095,MSFT,57.65,57.8,57.3,57.46,20860269
391096,MSFT,57.01,57.82,57.01,57.59,26075363
391097,MSFT,57.67,58.19,57.42,57.67,18900489
391098,MSFT,57.78,57.8,57.21,57.61,16278416
391099,MSFT,57.47,57.84,57.405,57.66,17493359
391100,MSFT,57.63,57.79,57.18,57.43,20146083
391101,MSFT,56.79,57.52,56.21,56.21,35113934
391102,MSFT,56,57.205,55.61,57.05,29302962
391103,MSFT,56.5,56.65,56.05,56.53,30130213
391104,MSFT,56.39,56.63,56.03,56.26,24274273
391105,MSFT,56.15,57.35,55.98,57.19,27062614
391106,MSFT,57.63,57.63,56.75,57.25,44606965
391107,MSFT,57.27,57.75,56.85,56.93,20937104
391108,MSFT,57.35,57.35,56.75,56.81,17383982
391109,MSFT,57.51,57.85,57.08,57.76,33707272
391110,MSFT,57.92,58,57.63,57.82,19822203
391111,MSFT,57.87,57.91,57.38,57.43,19955336
391112,MSFT,57.08,57.14,56.83,56.9,21688720
391113,MSFT,56.93,58.06,56.681,57.95,28065071
391114,MSFT,57.88,58.06,57.67,58.03,20536400
391115,MSFT,57.81,58.1679,57.21,57.4,25463536
391116,MSFT,57.57,57.77,57.34,57.6,29910788
391117,MSFT,57.405,57.55,57.06,57.42,19189515
391118,MSFT,57.27,57.595,56.97,57.24,20085874
391119,MSFT,57.29,57.9601,57.26,57.64,16726411
391120,MSFT,57.74,57.86,57.28,57.74,16212611
391121,MSFT,57.85,57.98,57.42,57.8,20089020
391122,MSFT,57.91,58.39,57.87,58.04,18196509
391123,MSFT,57.89,58.02,56.89,57.19,26497418
391124,MSFT,57.11,57.27,56.4,57.11,22177464
391125,MSFT,56.7,57.3,56.315,56.92,25313748
391126,MSFT,57.12,57.74,57.12,57.42,27402451
391127,MSFT,57.36,57.46,56.87,57.22,23830014
391128,MSFT,57.53,57.945,57.41,57.66,19149538
391129,MSFT,57.47,57.84,57.395,57.53,22878397
391130,MSFT,57.5,57.52,56.66,57.25,49455612
391131,MSFT,60.28,60.45,59.485,59.66,80032206
391132,MSFT,59.94,61,59.93,61,54066978
391133,MSFT,60.85,61.3699,60.8,60.99,35137164
391134,MSFT,60.81,61.2,60.47,60.63,29911608
391135,MSFT,60.61,60.83,60.09,60.1,28479856
391136,MSFT,60.01,60.52,59.58,59.87,33574684
391137,MSFT,60.16,60.42,59.92,59.92,26434697
391138,MSFT,59.97,60.02,59.25,59.8,24532986
391139,MSFT,59.82,59.93,59.3,59.43,22147005
391140,MSFT,59.53,59.64,59.11,59.21,21600427
391141,MSFT,58.65,59.28,58.52,58.71,28697016
391142,MSFT,59.78,60.52,59.78,60.42,31664798
391143,MSFT,60.55,60.78,60.15,60.47,22935355
391144,MSFT,60,60.59,59.2,60.17,49632479
391145,MSFT,60.48,60.49,57.6302,58.7,57822394
391146,MSFT,58.23,59.116,58.01,59.02,38767843
391147,MSFT,59.02,59.08,57.28,58.12,41328422
391148,MSFT,58.33,59.49,58.315,58.87,35904126
391149,MSFT,58.94,59.66,58.81,59.65,27332475
391150,MSFT,60.41,60.95,59.965,60.64,32132728
391151,MSFT,60.78,61.14,60.3,60.35,27686311
391152,MSFT,60.5,60.97,60.42,60.86,19652595
391153,MSFT,60.98,61.26,60.805,61.12,23206700
391154,MSFT,61.01,61.1,60.25,60.4,21848913
391155,MSFT,60.3,60.53,60.13,60.53,8409616
391156,MSFT,60.34,61.02,60.21,60.61,20732619
391157,MSFT,60.65,61.41,60.52,61.09,22366721
391158,MSFT,60.86,61.18,60.215,60.26,34655435
391159,MSFT,60.11,60.15,58.935,59.2,34542121
391160,MSFT,59.08,59.47,58.8,59.25,25515665
391161,MSFT,59.7,60.585,59.56,60.22,23552658
391162,MSFT,60.43,60.46,59.8,59.95,19907035
391163,MSFT,60.01,61.38,59.8,61.37,30808969
391164,MSFT,61.3,61.58,60.84,61.01,21220753
391165,MSFT,61.18,61.99,61.125,61.97,27349356
391166,MSFT,61.82,62.3,61.72,62.17,20198081
391167,MSFT,62.5,63.42,62.24,62.98,35718868
391168,MSFT,63,63.45,62.53,62.68,30352654
391169,MSFT,62.7,63.1535,62.3,62.58,27669868
391170,MSFT,62.95,62.95,62.115,62.3,42453083
391171,MSFT,62.56,63.77,62.42,63.62,34338219
391172,MSFT,63.69,63.8,63.025,63.54,26028379
391173,MSFT,63.43,63.7,63.12,63.54,17096304
391174,MSFT,63.84,64.1,63.405,63.55,22176585
391175,MSFT,63.45,63.54,62.8,63.24,12403819
391176,MSFT,63.21,64.07,63.21,63.28,11763173
391177,MSFT,63.4,63.4,62.83,62.99,14653348
391178,MSFT,62.86,63.2,62.73,62.9,10250582
391179,MSFT,62.96,62.99,62.03,62.14,25579908
391180,MSFT,62.79,62.84,62.125,62.58,20694101
391181,MSFT,62.48,62.75,62.12,62.3,21339969
391182,MSFT,62.19,62.66,62.03,62.3,24875968
391183,MSFT,62.3,63.15,62.04,62.84,19922919
391184,MSFT,62.76,63.08,62.54,62.64,20382730
391185,MSFT,62.73,63.07,62.28,62.62,18593004
391186,MSFT,62.61,63.23,62.43,63.19,21517335
391187,MSFT,63.06,63.4,61.95,62.61,20968223
391188,MSFT,62.62,62.865,62.35,62.7,19422310
391189,MSFT,62.68,62.7,62.03,62.53,20663983
391190,MSFT,62.67,62.7,62.12,62.5,19670102
391191,MSFT,62.24,62.98,62.195,62.3,18451655
391192,MSFT,62.67,62.82,62.37,62.74,30213462
391193,MSFT,62.7,63.1159,62.57,62.96,23097581
391194,MSFT,63.2,63.735,62.94,63.52,24672940
391195,MSFT,63.95,64.1,63.45,63.68,24654933
391196,MSFT,64.12,64.535,63.55,64.27,43554645
391197,MSFT,65.39,65.91,64.89,65.78,44817972
391198,MSFT,65.69,65.79,64.8,65.13,31651445
391199,MSFT,64.86,65.15,64.26,64.65,25270549
391200,MSFT,64.355,64.62,63.47,63.58,39671528
391201,MSFT,63.25,63.41,62.75,63.17,45827013
391202,MSFT,63.5,63.7,63.07,63.68,30301759
391203,MSFT,63.5,63.65,63.14,63.64,19796360
391204,MSFT,63.74,63.78,63.23,63.43,20277226
391205,MSFT,63.57,63.81,63.22,63.34,18096358
391206,MSFT,63.52,64.435,63.32,64.06,22644443
391207,MSFT,64.25,64.3,63.975,64,18170729
391208,MSFT,64.24,64.86,64.13,64.72,22920101
391209,MSFT,64.41,64.72,64.02,64.57,23108426
391210,MSFT,64.5,64.57,64.155,64.53,17005157
391211,MSFT,64.74,65.24,64.44,64.52,20546345
391212,MSFT,64.47,64.69,64.3,64.62,21248818
391213,MSFT,64.61,64.95,64.45,64.49,20655869
391214,MSFT,64.33,64.39,64.05,64.36,19292651
391215,MSFT,64.42,64.7285,64.195,64.62,20273128
391216,MSFT,64.53,64.8,64.135,64.62,21796800
391217,MSFT,64.54,64.54,64.045,64.23,15871507
391218,MSFT,64.08,64.2,63.76,63.98,23239825
391219,MSFT,64.13,64.99,64.0218,64.94,26937459
391220,MSFT,64.69,64.75,63.88,64.01,24539597
391221,MSFT,63.99,64.28,63.62,64.25,18139405
391222,MSFT,63.97,64.56,63.81,64.27,18750255
391223,MSFT,64.19,64.775,64.19,64.4,18520987
391224,MSFT,64.26,65.085,64.25,64.99,21510907
391225,MSFT,65.19,65.2,64.48,64.73,19846832
391226,MSFT,65.11,65.26,64.75,64.93,19538245
391227,MSFT,65.01,65.195,64.57,64.71,20100035
391228,MSFT,64.53,64.55,64.15,64.41,14280202
391229,MSFT,64.55,64.92,64.25,64.75,24833810
391230,MSFT,64.75,64.76,64.3,64.64,20674296
391231,MSFT,64.91,65.24,64.68,64.87,49219686
391232,MSFT,64.91,65.175,64.72,64.93,14598083
391233,MSFT,65.19,65.5,64.13,64.21,26640480
391234,MSFT,64.12,65.14,64.12,65.03,20680015
391235,MSFT,64.94,65.235,64.765,64.87,19269203
391236,MSFT,65.36,65.45,64.76,64.98,22617105
391237,MSFT,64.63,65.22,64.35,65.1,18614662
391238,MSFT,64.96,65.47,64.65,65.29,20080358
391239,MSFT,65.12,65.5,64.9475,65.47,13618424
391240,MSFT,65.42,65.98,65.36,65.71,15122823
391241,MSFT,65.65,66.19,65.45,65.86,21040331
391242,MSFT,65.81,65.94,65.19,65.55,20400871
391243,MSFT,65.39,65.81,65.28,65.73,12997449
391244,MSFT,66.3,66.35,65.4443,65.56,21448594
391245,MSFT,65.6,66.055,65.48,65.73,18103453
391246,MSFT,65.85,65.96,65.44,65.68,14089274
391247,MSFT,65.61,65.82,65.36,65.53,17952742
391248,MSFT,65.6,65.61,64.85,65.48,18791533
391249,MSFT,65.42,65.51,65.11,65.23,17108513
391250,MSFT,65.29,65.86,64.95,64.95,17896483
391251,MSFT,65.04,65.49,65.01,65.48,16689265
391252,MSFT,65.33,65.71,65.16,65.39,15155611
391253,MSFT,65.65,65.75,64.89,65.04,26992771
391254,MSFT,65.46,65.75,65.14,65.5,22299477
391255,MSFT,65.67,66.7,65.45,66.4,32522645
391256,MSFT,67.48,67.66,67.1,67.53,29769976
391257,MSFT,67.9,68.04,67.6,67.92,30242730
391258,MSFT,68.08,68.31,67.62,67.83,26190770
391259,MSFT,68.15,68.38,67.58,68.27,34970953
391260,MSFT,68.91,69.14,67.69,68.46,39548818
391261,MSFT,68.68,69.55,68.5,69.41,31954362
391262,MSFT,69.71,69.71,69.13,69.3,23906119
391263,MSFT,69.38,69.38,68.71,69.08,28927973
391264,MSFT,69.03,69.08,68.64,68.81,21749409
391265,MSFT,68.9,69.03,68.485,69,19128782
391266,MSFT,68.97,69.05,68.42,68.94,18566087
391267,MSFT,68.86,69.28,68.68,69.04,22858414
391268,MSFT,68.99,69.56,68.92,69.31,17977830
391269,MSFT,68.36,68.73,68.12,68.46,28789413
391270,MSFT,68.61,68.61,68.04,68.38,18714123
391271,MSFT,68.14,68.48,67.57,68.43,31530301
391272,MSFT,68.23,69.44,68.16,69.41,34956038
391273,MSFT,68.89,69.1,67.43,67.48,30548781
391274,MSFT,67.4,68.13,67.14,67.71,25201274
391275,MSFT,67.5,68.095,67.43,67.69,26961119
391276,MSFT,67.89,68.5,67.5,68.45,16237550
391277,MSFT,68.72,68.75,68.38,68.68,15425824
391278,MSFT,68.87,68.88,68.45,68.77,14666865
391279,MSFT,68.97,69.88,68.91,69.62,21854095
391280,MSFT,69.8,70.22,69.52,69.96,19827923
391281,MSFT,69.79,70.41,69.77,70.41,17072838
391282,MSFT,70.53,70.74,69.81,69.84,30436364
391283,MSFT,70.24,70.61,69.451,70.1,21603601
391284,MSFT,70.44,71.86,70.24,71.76,34770261
391285,MSFT,71.97,72.89,71.81,72.28,33316760
391286,MSFT,72.3,72.62,72.27,72.52,31511065
391287,MSFT,72.635,72.77,71.95,72.39,22301765
391288,MSFT,72.51,72.52,71.5,71.95,24588270
391289,MSFT,72.035,72.08,68.59,70.32,49187396
391290,MSFT,69.25,69.94,68.13,69.78,47761743
391291,MSFT,70.02,70.82,69.96,70.65,25258614
391292,MSFT,70.91,71.1,69.43,70.27,25510685
391293,MSFT,69.27,70.21,68.8,69.9,26068709
391294,MSFT,69.73,70.0252,69.22,70,48345085
391295,MSFT,70.5,70.945,70.35,70.87,23798268
391296,MSFT,70.82,70.87,69.87,69.91,21512231
391297,MSFT,70.21,70.62,69.94,70.27,19891051
391298,MSFT,70.54,70.59,69.71,70.26,22965738
391299,MSFT,70.09,71.25,69.92,71.21,27617291
391300,MSFT,71.4,71.71,70.445,70.53,19606974
391301,MSFT,70.11,70.18,69.18,69.21,25215128
391302,MSFT,69.21,69.841,68.79,69.8,25806200
391303,MSFT,69.38,69.49,68.09,68.49,28918715
391304,MSFT,68.78,69.38,68.74,68.93,24161068
391305,MSFT,69.33,69.6,68.02,68.17,16165538
391306,MSFT,68.255,69.44,68.22,69.08,21176272
391307,MSFT,68.27,68.78,68.12,68.57,21117572
391308,MSFT,68.7,69.84,68.7,69.46,16878317
391309,MSFT,69.46,70.25,69.2,69.98,15014503
391310,MSFT,70,70.68,69.75,69.99,17460022
391311,MSFT,70.69,71.28,70.55,71.15,17750925
391312,MSFT,71.5,72.0399,71.31,71.77,20269816
391313,MSFT,72.24,73.27,71.96,72.78,25868086
391314,MSFT,72.8,73.45,72.72,73.35,21803907
391315,MSFT,73.09,73.39,72.66,73.3,26435296
391316,MSFT,73.5,74.04,73.45,73.86,22416222
391317,MSFT,74.18,74.3,73.28,74.22,42361025
391318,MSFT,73.45,74.29,73.17,73.79,46717082
391319,MSFT,73.53,73.75,73.13,73.6,21394826
391320,MSFT,73.8,74.31,73.5,74.19,22018681
391321,MSFT,74.34,74.38,73.81,74.05,16252233
391322,MSFT,73.76,74.42,72.32,73.16,36844220
391323,MSFT,72.67,73.31,72.54,73.04,18306680
391324,MSFT,73.3,73.44,72.41,72.7,23600054
391325,MSFT,73.1,73.42,72.49,72.58,20823890
391326,MSFT,72.55,72.56,71.445,72.26,26499158
391327,MSFT,72.19,72.44,71.845,72.15,18214424
391328,MSFT,72.4,73.04,72.24,72.68,22578952
391329,MSFT,72.8,72.9,72.26,72.4,18705681
391330,MSFT,72.09,73.13,71.75,72.79,22044587
391331,MSFT,72.25,72.51,72.05,72.47,22213410
391332,MSFT,71.9,72.19,71.35,71.41,24734461
391333,MSFT,71.61,72.7,71.28,72.5,21443675
391334,MSFT,73.06,73.72,72.95,73.59,20096592
391335,MSFT,73.59,73.59,73.04,73.22,19181402
391336,MSFT,73.34,74.1,73.17,73.65,18150402
391337,MSFT,73.58,73.87,72.4,72.4,22977519
391338,MSFT,72.27,72.84,71.93,72.49,18761491
391339,MSFT,72.47,72.48,71.7,72.15,17734767
391340,MSFT,72.35,73.24,72.35,73.16,14343674
391341,MSFT,72.96,73.15,72.53,72.72,13766507
391342,MSFT,72.74,72.86,72.07,72.69,17098282
391343,MSFT,72.86,73.35,72.48,72.82,12794301
391344,MSFT,73.06,73.09,72.55,72.83,14569715
391345,MSFT,72.25,73.16,72.05,73.05,11478382
391346,MSFT,73.01,74.2099,72.8293,74.01,16897801
391347,MSFT,74.03,74.96,73.8,74.77,27652811
391348,MSFT,74.71,74.74,73.64,73.94,21736161
391349,MSFT,73.34,73.89,72.98,73.61,22242384
391350,MSFT,73.74,74.04,73.35,73.4,16535785
391351,MSFT,73.68,74.6,73.6,74.34,17471200
391352,MSFT,74.33,74.44,73.84,73.98,14703816
391353,MSFT,74.31,74.945,74.31,74.76,17910383
391354,MSFT,74.76,75.24,74.37,74.68,14394850
391355,MSFT,74.93,75.23,74.55,75.21,13380802
391356,MSFT,75,75.49,74.52,74.77,15733914
391357,MSFT,74.83,75.39,74.07,75.31,38578441
391358,MSFT,75.23,75.97,75.04,75.16,23306959
391359,MSFT,75.21,75.71,75.01,75.44,16093344
391360,MSFT,75.35,75.55,74.31,74.94,21587878
391361,MSFT,75.11,75.24,74.11,74.21,19186140
391362,MSFT,73.99,74.51,73.85,74.41,14111365
391363,MSFT,74.09,74.25,72.92,73.26,24149163
391364,MSFT,73.67,73.81,72.99,73.26,18019577
391365,MSFT,73.55,74.17,73.17,73.85,19565135
391366,MSFT,73.54,73.97,73.31,73.87,10883787
391367,MSFT,73.94,74.535,73.88,74.49,17079114
391368,MSFT,74.71,75.01,74.295,74.61,15304762
391369,MSFT,74.67,74.88,74.195,74.26,12190403
391370,MSFT,74,74.72,73.71,74.69,13317681
391371,MSFT,75.22,76.12,74.96,75.97,21195261
391372,MSFT,75.67,76.03,75.54,76,13959814
391373,MSFT,75.97,76.55,75.86,76.29,11386502
391374,MSFT,76.33,76.63,76.14,76.29,13944545
391375,MSFT,76.36,76.46,75.95,76.42,15388898
391376,MSFT,76.49,77.29,76.37,77.12,16876538
391377,MSFT,77.59,77.87,77.29,77.49,15335742
391378,MSFT,77.42,77.81,77.35,77.65,12380093
391379,MSFT,77.47,77.62,77.25,77.59,16823989
391380,MSFT,77.67,77.85,77.37,77.61,13300701
391381,MSFT,77.57,77.93,77.35,77.91,15092758
391382,MSFT,78.32,78.97,78.22,78.81,22866426
391383,MSFT,78.99,79.34,78.76,78.83,20627173
391384,MSFT,78.9,79.2,78.46,78.86,17517182
391385,MSFT,78.58,79.1,78.01,78.63,20410808
391386,MSFT,79.2,79.42,78.75,78.76,32120717
391387,MSFT,84.37,86.2,83.61,83.81,71066729
391388,MSFT,83.7,84.325,83.105,83.89,31756653
391389,MSFT,84.36,84.36,83.11,83.18,27086575
391390,MSFT,83.68,83.76,82.88,83.18,22307371
391391,MSFT,83.35,84.46,83.12,84.05,23992945
391392,MSFT,84.08,84.54,83.4,84.14,17633543
391393,MSFT,84.2,84.7,84.0825,84.47,19860852
391394,MSFT,84.77,84.9,83.93,84.27,17939727
391395,MSFT,84.14,84.61,83.83,84.56,18034170
391396,MSFT,84.11,84.27,82.9,84.09,21171550
391397,MSFT,83.79,84.095,83.23,83.87,19397793
391398,MSFT,83.66,83.94,83.46,83.93,14196896
391399,MSFT,83.5,84.1,82.98,84.05,18801280
391400,MSFT,83.47,83.69,82.69,82.98,19383102
391401,MSFT,83.1,83.42,82.94,83.2,20962750
391402,MSFT,83.12,83.12,82.24,82.4,22078993
391403,MSFT,82.4,82.59,82.25,82.53,16314978
391404,MSFT,82.74,83.84,82.74,83.72,21237454
391405,MSFT,83.83,83.9,83.04,83.11,20553089
391406,MSFT,83.01,83.43,82.78,83.26,7425603
391407,MSFT,83.31,83.98,83.3,83.87,18265242
391408,MSFT,84.07,85.06,84.02,84.88,21925959
391409,MSFT,84.71,84.9172,83.175,83.34,27381109
391410,MSFT,83.51,84.52,83.34,84.17,33054647
391411,MSFT,83.6,84.81,83.22,84.26,29532132
391412,MSFT,84.42,84.4299,80.7,81.08,39094880
391413,MSFT,81.34,82.68,80.9801,81.59,26152261
391414,MSFT,81.55,83.14,81.43,82.78,26162054
391415,MSFT,82.54,82.8,82,82.49,23184547
391416,MSFT,83.63,84.58,83.33,84.16,24489106
391417,MSFT,84.29,85.37,84.12,85.23,22857854
391418,MSFT,85.31,86.05,85.08,85.58,23924105
391419,MSFT,85.74,86,85.17,85.35,22062679
391420,MSFT,85.43,85.8739,84.53,84.69,19305961
391421,MSFT,85.26,87.09,84.88,86.85,53936687
391422,MSFT,87.12,87.4999,86.23,86.38,22283752
391423,MSFT,86.35,86.35,85.27,85.83,23524787
391424,MSFT,86.2,86.3,84.71,85.52,23674931
391425,MSFT,86.05,86.1,85.4,85.5,17990745
391426,MSFT,85.4,85.63,84.92,85.51,14145841
391427,MSFT,85.31,85.5346,85.03,85.4,9891237
391428,MSFT,85.65,85.98,85.215,85.71,14678025
391429,MSFT,85.9,85.93,85.55,85.72,10594344
391430,MSFT,85.63,86.05,85.5,85.54,18717406
391431,MSFT,86.125,86.31,85.5,85.95,22483797
391432,MSFT,86.055,86.51,85.97,86.35,26061439
391433,MSFT,86.59,87.66,86.57,87.11,21911974
391434,MSFT,87.66,88.41,87.43,88.19,23407110
391435,MSFT,88.2,88.58,87.6046,88.28,22113049
391436,MSFT,88.65,88.7272,87.86,88.22,19484317
391437,MSFT,87.86,88.19,87.41,87.82,18652201
391438,MSFT,88.13,88.13,87.24,88.08,17808877
391439,MSFT,88.67,89.78,88.45,89.6,24271531
391440,MSFT,90.1,90.79,88.0104,88.35,36599736
391441,MSFT,89.08,90.28,88.75,90.14,25621164
391442,MSFT,89.8,90.67,89.66,90.1,24159683
391443,MSFT,90.14,90.61,89.66,90,36875013
391444,MSFT,90,91.62,89.74,91.61,23601555
391445,MSFT,91.9,92.3,91.54,91.9,23412841
391446,MSFT,92.55,93.43,91.58,91.82,33277483
391447,MSFT,92.465,93.24,91.93,92.33,26383238
391448,MSFT,93.12,94.06,92.58,94.06,29172167
391449,MSFT,95.14,95.45,93.72,93.92,31569940
391450,MSFT,93.3,93.66,92.1,92.74,38635053
391451,MSFT,93.75,95.4,93.51,95.01,48756338
391452,MSFT,94.79,96.07,93.5813,94.26,47227882
391453,MSFT,93.64,93.97,91.5,91.78,47867753
391454,MSFT,90.56,93.24,88,88,51031465
391455,MSFT,86.89,91.475,85.25,91.33,67998564
391456,MSFT,90.49,91.77,89.2,89.61,41107592
